Day,# Healthy,# Symptoms,Diseased,Tot Symp,Strategy A,Strategy B,# TRT A,# TRT B,Available to TRT,Disease TRT A #,Disease TRT B #,Rand A,Rand B,TRT A Cures,TRT B Cures,Recover,total cured for day,Sum Disease Cured,Check,Catch Disease,Trt Cost,Sick Cost
1,290,0,10,10,80.0000011920929,15.0000005960464,8,2,10,8,2,3.36,1.1,4,2,0,6,6,300,12,470,500
2,278,0,16,16,80.0000011920929,15.0000005960464,13,2,16,13,2,5.46,1.1,2,1,0,3,9,300,18,720,800
3,260,0,31,31,80.0000011920929,15.0000005960464,25,5,31,25,5,10.5,2.75,10,2,0,12,21,300,32,1425,1550
4,228,0,51,51,80.0000011920929,15.0000005960464,41,8,51,41,8,17.22,4.4,18,4,0,22,43,300,47,2330,2550
5,181,0,76,76,80.0000011920929,15.0000005960464,61,11,76,61,11,25.62,6.05,23,7,0,30,73,300,55,3435,3800

