Day,# Healthy,# Symptoms,Diseased,Tot Symp,Strategy A,Strategy B,# TRT A,# TRT B,Available to TRT,Disease TRT A #,Disease TRT B #,Rand A,Rand B,TRT A Cures,TRT B Cures,Recover,total cured for day,Sum Disease Cured,Check,Catch Disease,Trt Cost,Sick Cost
1,282,0,18,18,89.9999976158142,10.0000001490116,16,2,18,16,2,10.4,1.04,11,2,0,13,13,300,20,590,900
2,262,0,25,25,75,25,19,6,25,19,6,12.35,3.12,15,2,0,17,30,300,26,755,1250
3,236,0,34,34,75,25,26,8,34,26,8,16.9,4.16,20,4,0,24,54,300,32,1030,1700
4,204,0,42,42,75,25,32,10,42,32,10,20.8,5.2,21,2,0,23,77,300,34,1270,2100
5,170,0,53,53,75,25,40,13,53,40,13,26,6.76,28,6,0,34,111,300,36,1595,2650
6,134,0,55,55,75,25,41,14,55,41,14,26.65,7.28,25,9,0,34,145,300,29,1645,2750
7,105,0,50,50,75,25,38,12,50,38,12,24.7,6.24,25,8,0,33,178,300,21,1510,2500
8,84,0,38,38,75,25,29,9,38,29,9,18.85,4.68,19,5,0,24,202,300,13,1150,1900

